id,age,sex,region,income,married,children,car,save_act,current_act,mortgage,pep,세대별
ID12101,48,FEMALE,INNER_CITY,17546.000,NO,1,NO,NO,NO,NO,YES,40대
ID12102,40,MALE,TOWN,30085.100,YES,3,YES,NO,YES,YES,NO,40대
ID12103,51,FEMALE,INNER_CITY,16575.400,YES,0,YES,YES,YES,NO,NO,50대
ID12104,23,FEMALE,TOWN,20375.400,YES,3,NO,NO,YES,NO,NO,20대
ID12105,57,FEMALE,RURAL,50576.300,YES,0,NO,YES,NO,NO,NO,50대
ID12106,57,FEMALE,TOWN,37869.600,YES,2,NO,YES,YES,NO,YES,50대
ID12107,22,MALE,RURAL,8877.070,NO,0,NO,NO,YES,NO,YES,20대
ID12108,58,MALE,TOWN,24946.600,YES,0,YES,YES,YES,NO,NO,50대
ID12109,37,FEMALE,SUBURBAN,25304.300,YES,2,YES,NO,NO,NO,NO,30대
ID12110,54,MALE,TOWN,24212.100,YES,2,YES,YES,YES,NO,NO,50대
ID12111,66,FEMALE,TOWN,59803.900,YES,0,NO,YES,YES,NO,NO,60대이후
ID12112,52,FEMALE,INNER_CITY,26658.800,NO,0,YES,YES,YES,YES,NO,50대
ID12113,44,FEMALE,TOWN,15735.800,YES,1,NO,YES,YES,YES,YES,40대
ID12114,66,FEMALE,TOWN,55204.700,YES,1,YES,YES,YES,YES,YES,60대이후
ID12115,36,MALE,RURAL,19474.600,YES,0,NO,YES,YES,YES,NO,30대
ID12116,38,FEMALE,INNER_CITY,22342.100,YES,0,YES,YES,YES,YES,NO,30대
ID12117,37,FEMALE,TOWN,17729.800,YES,2,NO,NO,NO,YES,NO,30대
ID12118,46,FEMALE,SUBURBAN,41016.000,YES,0,NO,YES,NO,YES,NO,40대
ID12119,62,FEMALE,INNER_CITY,26909.200,YES,0,NO,YES,NO,NO,YES,60대이후
ID12120,31,MALE,TOWN,22522.800,YES,0,YES,YES,YES,NO,NO,30대
ID12121,61,MALE,INNER_CITY,57880.700,YES,2,NO,YES,NO,NO,YES,60대이후
ID12122,50,MALE,TOWN,16497.300,YES,2,NO,YES,YES,NO,NO,50대
ID12123,54,MALE,INNER_CITY,38446.600,YES,0,NO,YES,YES,NO,NO,50대
ID12124,27,FEMALE,TOWN,15538.800,NO,0,YES,YES,YES,YES,NO,20대
ID12125,22,MALE,INNER_CITY,12640.300,NO,2,YES,YES,YES,NO,NO,20대
ID12126,56,MALE,INNER_CITY,41034.000,YES,0,YES,YES,YES,YES,NO,50대
ID12127,45,MALE,INNER_CITY,20809.700,YES,0,NO,YES,YES,YES,NO,40대
ID12128,39,FEMALE,TOWN,20114.000,YES,1,NO,NO,YES,NO,YES,30대
ID12129,39,FEMALE,INNER_CITY,29359.100,NO,3,YES,NO,YES,YES,NO,30대
ID12130,61,MALE,RURAL,24270.100,YES,1,NO,NO,YES,NO,YES,60대이후
ID12131,61,FEMALE,RURAL,22942.900,YES,2,NO,YES,YES,NO,NO,60대이후
ID12132,20,FEMALE,TOWN,16325.800,YES,2,NO,YES,NO,NO,NO,20대
ID12133,45,MALE,SUBURBAN,23443.200,YES,1,YES,YES,YES,NO,YES,40대
ID12134,33,FEMALE,INNER_CITY,29921.300,NO,3,YES,YES,NO,NO,NO,30대
ID12135,43,MALE,SUBURBAN,37521.900,NO,0,NO,YES,YES,NO,YES,40대
ID12136,27,FEMALE,INNER_CITY,19868.000,YES,2,NO,YES,YES,NO,NO,20대
ID12137,19,MALE,RURAL,10953.000,YES,3,YES,YES,YES,NO,NO,10대
ID12138,36,FEMALE,RURAL,13381.000,NO,0,YES,NO,YES,NO,YES,30대
ID12139,43,FEMALE,TOWN,18504.300,YES,0,YES,YES,YES,NO,NO,40대
ID12140,66,FEMALE,SUBURBAN,25391.500,NO,2,NO,NO,YES,NO,NO,60대이후
ID12141,55,MALE,TOWN,26774.200,YES,0,NO,NO,YES,YES,YES,50대
ID12142,47,FEMALE,INNER_CITY,26952.600,YES,0,YES,NO,YES,NO,NO,40대
ID12143,67,MALE,TOWN,55716.500,NO,2,YES,YES,NO,NO,YES,60대이후
ID12144,32,FEMALE,TOWN,27571.500,YES,0,YES,NO,YES,YES,NO,30대
ID12145,20,MALE,INNER_CITY,13740.000,NO,2,YES,YES,YES,YES,NO,20대
ID12146,64,MALE,INNER_CITY,52670.600,YES,2,NO,YES,YES,YES,YES,60대이후
ID12147,50,FEMALE,INNER_CITY,13283.900,NO,1,YES,YES,YES,NO,YES,50대
ID12148,29,MALE,INNER_CITY,13106.600,NO,2,NO,YES,YES,YES,YES,20대
ID12149,52,MALE,INNER_CITY,39547.800,NO,2,YES,NO,YES,NO,YES,50대
ID12150,47,FEMALE,RURAL,17867.300,YES,2,YES,YES,NO,NO,NO,40대
ID12151,24,MALE,TOWN,14309.700,NO,2,YES,YES,NO,NO,NO,20대
ID12152,36,MALE,TOWN,23894.800,YES,0,NO,NO,NO,NO,NO,30대
ID12153,43,MALE,TOWN,16259.700,YES,1,NO,YES,YES,NO,YES,40대
ID12154,48,MALE,SUBURBAN,29794.100,NO,1,NO,YES,YES,NO,YES,40대
ID12155,63,MALE,TOWN,56842.500,YES,0,NO,YES,YES,YES,NO,60대이후
ID12156,52,FEMALE,RURAL,47835.800,NO,3,NO,YES,NO,NO,YES,50대
ID12157,58,FEMALE,INNER_CITY,24977.500,NO,0,NO,NO,YES,NO,YES,50대
ID12158,28,MALE,INNER_CITY,23124.900,YES,0,NO,YES,YES,NO,YES,20대
ID12159,29,FEMALE,INNER_CITY,15143.800,YES,0,NO,NO,YES,NO,NO,20대
ID12160,34,MALE,INNER_CITY,25334.300,NO,1,YES,YES,YES,YES,YES,30대
ID12161,42,FEMALE,INNER_CITY,24763.300,YES,1,NO,YES,YES,YES,YES,40대
ID12162,65,FEMALE,INNER_CITY,36589.000,NO,1,YES,NO,YES,NO,YES,60대이후
ID12163,47,MALE,INNER_CITY,27022.600,YES,2,NO,YES,YES,NO,NO,40대
ID12164,20,MALE,INNER_CITY,11700.400,YES,0,NO,YES,NO,NO,NO,20대
ID12165,21,MALE,TOWN,5014.210,NO,0,YES,YES,YES,YES,NO,20대
ID12166,42,MALE,INNER_CITY,17390.100,YES,0,NO,YES,YES,NO,NO,40대
ID12167,19,MALE,TOWN,10861.000,NO,2,NO,YES,YES,NO,NO,10대
ID12168,41,FEMALE,TOWN,34892.900,NO,0,NO,YES,YES,YES,NO,40대
ID12169,30,MALE,TOWN,19403.100,NO,2,NO,YES,YES,NO,NO,30대
ID12170,31,FEMALE,RURAL,10441.900,YES,2,NO,NO,YES,NO,YES,30대
ID12171,25,MALE,INNER_CITY,14064.900,YES,3,YES,YES,YES,NO,NO,20대
ID12172,21,MALE,INNER_CITY,8062.730,NO,0,NO,NO,YES,NO,YES,20대
ID12173,36,MALE,INNER_CITY,31982.000,YES,3,YES,YES,YES,YES,YES,30대
ID12174,58,FEMALE,INNER_CITY,23197.500,YES,2,NO,YES,NO,YES,NO,50대
ID12175,64,FEMALE,INNER_CITY,52674.000,NO,2,YES,YES,YES,NO,YES,60대이후
ID12176,59,FEMALE,RURAL,35610.500,NO,2,YES,NO,NO,NO,YES,50대
ID12177,45,FEMALE,TOWN,26948.000,NO,0,NO,YES,YES,YES,NO,40대
ID12178,61,MALE,INNER_CITY,49456.700,YES,1,YES,YES,YES,YES,YES,60대이후
ID12179,30,FEMALE,INNER_CITY,14724.500,YES,0,YES,NO,YES,NO,NO,30대
ID12180,58,FEMALE,TOWN,34524.900,YES,2,YES,YES,NO,NO,YES,50대
ID12181,50,FEMALE,TOWN,22052.100,NO,3,NO,YES,YES,NO,YES,50대
ID12182,30,MALE,INNER_CITY,27808.100,NO,3,NO,NO,YES,NO,NO,30대
ID12183,29,FEMALE,INNER_CITY,12591.400,YES,1,NO,YES,YES,NO,NO,20대
ID12184,35,MALE,INNER_CITY,16394.400,YES,1,NO,YES,YES,NO,YES,30대
ID12185,62,MALE,INNER_CITY,24026.100,YES,0,NO,NO,YES,YES,YES,60대이후
ID12186,36,MALE,INNER_CITY,31683.100,YES,1,YES,YES,YES,NO,YES,30대
ID12187,25,FEMALE,INNER_CITY,15525.000,YES,0,NO,YES,YES,NO,NO,20대
ID12188,66,FEMALE,TOWN,22562.200,NO,0,YES,YES,YES,YES,NO,60대이후
ID12189,30,MALE,SUBURBAN,15848.700,YES,0,YES,YES,NO,YES,NO,30대
ID12190,54,FEMALE,INNER_CITY,31095.600,YES,2,NO,NO,YES,NO,YES,50대
ID12191,37,MALE,TOWN,24814.500,YES,1,YES,NO,YES,YES,YES,30대
ID12192,28,FEMALE,INNER_CITY,25429.300,NO,2,NO,YES,YES,YES,NO,20대
ID12193,53,FEMALE,RURAL,34866.500,NO,0,NO,NO,YES,NO,YES,50대
ID12194,61,MALE,INNER_CITY,42579.100,YES,2,YES,YES,YES,NO,NO,60대이후
ID12195,61,FEMALE,INNER_CITY,41127.400,YES,0,YES,YES,NO,NO,NO,60대이후
ID12196,18,FEMALE,INNER_CITY,9990.110,YES,0,NO,YES,YES,NO,NO,10대
ID12197,22,MALE,INNER_CITY,7948.620,YES,1,NO,NO,NO,YES,NO,20대
ID12198,34,MALE,TOWN,30870.800,YES,2,YES,YES,YES,YES,YES,30대
ID12199,35,FEMALE,INNER_CITY,12125.800,NO,2,NO,YES,YES,NO,NO,30대
ID12200,18,FEMALE,RURAL,15348.900,YES,0,YES,NO,YES,NO,NO,10대
ID12201,54,MALE,INNER_CITY,26707.900,YES,1,NO,YES,YES,YES,YES,50대
ID12202,27,FEMALE,INNER_CITY,11604.400,YES,2,YES,YES,YES,NO,NO,20대
ID12203,42,MALE,INNER_CITY,15499.900,YES,0,YES,NO,YES,YES,YES,40대
ID12204,43,MALE,TOWN,33088.500,NO,0,NO,YES,YES,YES,NO,40대
ID12205,64,FEMALE,INNER_CITY,34513.600,YES,1,NO,YES,YES,NO,YES,60대이후
ID12206,43,MALE,TOWN,32395.500,YES,3,YES,YES,YES,NO,NO,40대
ID12207,49,MALE,RURAL,46633.000,YES,0,YES,YES,NO,NO,NO,40대
ID12208,23,MALE,INNER_CITY,13039.900,YES,0,NO,NO,YES,NO,NO,20대
ID12209,23,MALE,INNER_CITY,12681.900,NO,0,NO,YES,YES,NO,YES,20대
ID12210,30,FEMALE,INNER_CITY,24031.500,YES,2,YES,YES,YES,YES,NO,30대
ID12211,36,MALE,TOWN,37330.500,NO,2,NO,YES,YES,NO,YES,30대
ID12212,34,MALE,INNER_CITY,25333.200,YES,3,YES,NO,NO,YES,NO,30대
ID12213,51,FEMALE,INNER_CITY,37094.200,YES,0,YES,NO,YES,NO,NO,50대
ID12214,36,MALE,TOWN,33630.600,NO,2,YES,YES,YES,NO,YES,30대
ID12215,56,MALE,INNER_CITY,43228.200,YES,1,YES,YES,YES,NO,YES,50대
ID12216,54,FEMALE,INNER_CITY,47796.800,YES,0,NO,YES,YES,NO,NO,50대
ID12217,56,FEMALE,TOWN,21730.300,YES,2,NO,YES,NO,NO,NO,50대
ID12218,26,MALE,INNER_CITY,10044.100,YES,3,NO,YES,YES,YES,NO,20대
ID12219,39,MALE,TOWN,17270.100,NO,0,YES,NO,NO,NO,YES,30대
ID12220,64,FEMALE,RURAL,45765.000,YES,3,YES,YES,YES,NO,YES,60대이후
ID12221,46,MALE,RURAL,29525.500,NO,2,NO,YES,NO,YES,NO,40대
ID12222,62,FEMALE,RURAL,54863.800,YES,1,YES,YES,YES,NO,YES,60대이후
ID12223,36,FEMALE,TOWN,20799.000,YES,1,NO,YES,NO,YES,YES,30대
ID12224,35,FEMALE,RURAL,33028.300,NO,1,NO,YES,YES,NO,YES,30대
ID12225,47,MALE,RURAL,45031.900,NO,3,YES,YES,NO,NO,YES,40대
ID12226,47,MALE,INNER_CITY,39010.800,YES,2,NO,NO,YES,NO,YES,40대
ID12227,37,FEMALE,TOWN,25257.700,YES,0,YES,YES,YES,NO,NO,30대
ID12228,48,FEMALE,INNER_CITY,42603.900,YES,0,NO,YES,YES,NO,NO,40대
ID12229,41,MALE,TOWN,14092.700,YES,3,YES,YES,YES,NO,NO,40대
ID12230,27,FEMALE,RURAL,21350.300,NO,0,YES,YES,YES,NO,YES,20대
ID12231,43,MALE,INNER_CITY,23246.400,NO,2,NO,NO,YES,NO,NO,40대
ID12232,61,MALE,RURAL,41609.500,YES,3,NO,YES,YES,YES,NO,60대이후
ID12233,52,FEMALE,SUBURBAN,16716.100,NO,2,YES,YES,YES,NO,NO,50대
ID12234,64,FEMALE,SUBURBAN,36436.400,YES,0,YES,NO,YES,NO,NO,60대이후
ID12235,66,FEMALE,TOWN,59503.800,YES,2,YES,YES,YES,YES,YES,60대이후
ID12236,53,FEMALE,TOWN,31334.800,YES,1,YES,YES,YES,NO,YES,50대
ID12237,20,FEMALE,INNER_CITY,14048.900,YES,2,YES,NO,YES,YES,NO,20대
ID12238,57,FEMALE,INNER_CITY,39205.300,NO,0,NO,YES,YES,NO,YES,50대
ID12239,65,FEMALE,RURAL,42173.900,YES,0,NO,YES,YES,NO,NO,60대이후
ID12240,64,FEMALE,INNER_CITY,55263.000,NO,1,NO,YES,YES,NO,YES,60대이후
ID12241,52,MALE,INNER_CITY,37095.200,YES,3,NO,YES,YES,NO,NO,50대
ID12242,47,FEMALE,INNER_CITY,22791.400,YES,0,NO,NO,YES,NO,NO,40대
ID12243,28,FEMALE,TOWN,17240.600,YES,1,YES,NO,NO,YES,NO,20대
ID12244,64,MALE,TOWN,48974.800,YES,0,YES,YES,YES,YES,NO,60대이후
ID12245,25,MALE,INNER_CITY,18923.000,YES,1,NO,YES,YES,NO,YES,20대
ID12246,58,MALE,SUBURBAN,51204.200,YES,0,NO,YES,NO,YES,YES,50대
ID12247,34,MALE,TOWN,20236.200,YES,2,YES,NO,YES,NO,NO,30대
ID12248,20,FEMALE,INNER_CITY,18860.300,NO,2,NO,YES,YES,NO,NO,20대
ID12249,63,MALE,RURAL,25732.500,YES,0,YES,YES,NO,NO,NO,60대이후
ID12250,30,FEMALE,SUBURBAN,28240.400,YES,3,YES,YES,YES,NO,NO,30대
ID12251,53,MALE,RURAL,28193.600,YES,1,YES,YES,YES,NO,YES,50대
ID12252,43,MALE,TOWN,36432.800,NO,2,YES,NO,YES,NO,YES,40대
ID12253,63,MALE,TOWN,54618.800,YES,2,NO,YES,NO,YES,YES,60대이후
ID12254,33,MALE,INNER_CITY,24760.800,YES,1,NO,YES,YES,YES,YES,30대
ID12255,41,MALE,RURAL,23356.100,NO,2,YES,NO,NO,NO,NO,40대
ID12256,20,FEMALE,SUBURBAN,8143.750,YES,2,NO,YES,YES,NO,YES,20대
ID12257,50,MALE,TOWN,26462.500,YES,0,YES,YES,YES,NO,NO,50대
ID12258,24,MALE,RURAL,20467.300,YES,2,YES,YES,YES,NO,NO,20대
ID12259,60,FEMALE,TOWN,21506.200,YES,0,NO,NO,YES,NO,YES,60대이후
ID12260,44,FEMALE,TOWN,15315.300,YES,1,NO,YES,YES,NO,YES,40대
ID12261,23,MALE,INNER_CITY,18875.700,YES,2,YES,YES,YES,NO,NO,20대
ID12262,40,FEMALE,INNER_CITY,12977.200,YES,0,NO,NO,NO,NO,NO,40대
ID12263,49,FEMALE,TOWN,20708.500,NO,3,NO,NO,YES,NO,NO,40대
ID12264,21,FEMALE,TOWN,7549.380,NO,1,YES,NO,YES,NO,NO,20대
ID12265,40,FEMALE,INNER_CITY,24904.000,YES,0,NO,NO,NO,NO,NO,40대
ID12266,26,MALE,RURAL,24071.800,YES,1,NO,NO,YES,YES,YES,20대
ID12267,20,MALE,TOWN,9589.910,NO,1,NO,YES,YES,YES,NO,20대
ID12268,24,MALE,INNER_CITY,8562.860,NO,1,NO,NO,NO,YES,NO,20대
ID12269,37,FEMALE,TOWN,26707.500,NO,0,YES,YES,YES,NO,NO,30대
ID12270,56,MALE,INNER_CITY,34020.500,YES,0,NO,NO,YES,NO,NO,50대
ID12271,52,MALE,INNER_CITY,49175.700,YES,0,YES,YES,YES,NO,NO,50대
ID12272,22,MALE,INNER_CITY,19726.300,YES,2,NO,NO,YES,NO,NO,20대
ID12273,35,MALE,INNER_CITY,24346.600,YES,3,YES,YES,YES,NO,NO,30대
ID12274,34,MALE,RURAL,26999.400,YES,1,YES,YES,YES,NO,YES,30대
ID12275,67,FEMALE,TOWN,41558.100,YES,2,NO,YES,YES,NO,YES,60대이후
ID12276,58,FEMALE,INNER_CITY,56340.300,NO,0,NO,YES,YES,NO,YES,50대
ID12277,40,MALE,TOWN,37558.500,YES,0,YES,YES,YES,NO,NO,40대
ID12278,41,FEMALE,INNER_CITY,30099.300,YES,0,YES,YES,YES,YES,YES,40대
ID12279,43,MALE,INNER_CITY,15254.800,YES,0,NO,NO,NO,NO,YES,40대
ID12280,63,MALE,INNER_CITY,36086.100,YES,2,NO,NO,YES,NO,YES,60대이후
ID12281,22,FEMALE,INNER_CITY,17655.000,YES,1,NO,YES,YES,YES,YES,20대
ID12282,60,MALE,RURAL,56658.900,NO,0,NO,YES,YES,NO,YES,60대이후
ID12283,65,FEMALE,INNER_CITY,37706.500,NO,0,YES,YES,YES,YES,NO,60대이후
ID12284,48,FEMALE,INNER_CITY,18516.000,YES,2,YES,YES,YES,YES,NO,40대
ID12285,38,FEMALE,INNER_CITY,29622.000,NO,0,YES,YES,NO,YES,NO,30대
ID12286,49,MALE,RURAL,32669.900,YES,1,YES,YES,YES,YES,YES,40대
ID12287,20,FEMALE,INNER_CITY,18275.500,YES,0,NO,NO,NO,YES,YES,20대
ID12288,48,FEMALE,TOWN,34410.000,YES,1,NO,NO,YES,NO,YES,40대
ID12289,38,MALE,INNER_CITY,34866.900,YES,2,YES,NO,YES,YES,NO,30대
ID12290,41,FEMALE,INNER_CITY,21796.600,YES,0,NO,NO,YES,NO,NO,40대
ID12291,67,FEMALE,SUBURBAN,63130.100,YES,2,YES,YES,YES,NO,YES,60대이후
ID12292,39,MALE,INNER_CITY,14996.400,YES,1,YES,YES,NO,NO,NO,30대
ID12293,64,FEMALE,RURAL,49024.900,YES,3,NO,YES,YES,NO,YES,60대이후
ID12294,41,MALE,INNER_CITY,16249.800,YES,0,YES,NO,YES,YES,YES,40대
ID12295,55,MALE,SUBURBAN,36192.100,YES,2,YES,NO,YES,NO,YES,50대
ID12296,52,MALE,INNER_CITY,17839.900,YES,1,NO,YES,NO,YES,YES,50대
ID12297,30,FEMALE,INNER_CITY,18802.400,NO,0,NO,NO,YES,YES,YES,30대
ID12298,52,MALE,INNER_CITY,48720.300,YES,2,YES,YES,YES,NO,YES,50대
ID12299,26,MALE,INNER_CITY,14585.900,NO,2,NO,NO,YES,YES,NO,20대
ID12300,26,FEMALE,INNER_CITY,20819.000,YES,0,NO,YES,YES,NO,YES,20대
ID12301,46,MALE,TOWN,26077.800,YES,1,YES,YES,YES,NO,YES,40대
ID12302,46,FEMALE,TOWN,41627.100,YES,0,NO,YES,YES,YES,NO,40대
ID12303,52,MALE,INNER_CITY,16977.300,YES,0,NO,NO,YES,NO,NO,50대
ID12304,37,MALE,INNER_CITY,19012.800,NO,3,YES,NO,YES,NO,NO,30대
ID12305,22,MALE,INNER_CITY,12764.800,YES,1,NO,YES,YES,YES,YES,20대
ID12306,18,MALE,INNER_CITY,14388.600,NO,0,YES,NO,YES,YES,YES,10대
ID12307,63,MALE,INNER_CITY,59409.100,NO,0,YES,YES,YES,NO,YES,60대이후
ID12308,25,FEMALE,INNER_CITY,14960.200,YES,0,NO,YES,YES,YES,NO,20대
ID12309,67,MALE,INNER_CITY,39666.600,YES,0,YES,YES,YES,NO,NO,60대이후
ID12310,27,MALE,INNER_CITY,20771.900,NO,0,NO,YES,NO,NO,YES,20대
ID12311,61,MALE,INNER_CITY,24474.100,NO,0,YES,NO,NO,NO,YES,60대이후
ID12312,58,MALE,TOWN,33123.700,YES,1,YES,YES,YES,NO,YES,50대
ID12313,22,MALE,INNER_CITY,14433.400,YES,0,YES,YES,YES,NO,YES,20대
ID12314,28,MALE,TOWN,13175.500,NO,1,NO,NO,YES,NO,YES,20대
ID12315,23,MALE,INNER_CITY,9824.370,YES,0,NO,YES,YES,NO,NO,20대
ID12316,27,MALE,SUBURBAN,17610.300,YES,0,NO,YES,YES,NO,NO,20대
ID12317,27,FEMALE,SUBURBAN,15156.200,YES,0,YES,NO,YES,NO,NO,20대
ID12318,40,FEMALE,INNER_CITY,31774.100,YES,3,YES,YES,YES,YES,NO,40대
ID12319,39,MALE,TOWN,31693.500,NO,0,YES,YES,NO,NO,YES,30대
ID12320,35,FEMALE,INNER_CITY,28598.700,YES,0,YES,YES,YES,NO,NO,30대
ID12321,37,FEMALE,INNER_CITY,26261.700,NO,2,YES,NO,NO,NO,NO,30대
ID12322,47,MALE,INNER_CITY,42124.100,YES,2,NO,YES,YES,NO,YES,40대
ID12323,42,FEMALE,INNER_CITY,39308.700,YES,1,NO,YES,YES,NO,YES,40대
ID12324,67,FEMALE,INNER_CITY,43530.000,YES,0,NO,YES,YES,YES,NO,60대이후
ID12325,57,MALE,RURAL,49874.400,YES,3,NO,YES,YES,NO,YES,50대
ID12326,47,FEMALE,RURAL,27434.800,NO,0,YES,YES,YES,NO,YES,40대
ID12327,67,MALE,INNER_CITY,50474.600,YES,2,YES,YES,YES,NO,YES,60대이후
ID12328,56,MALE,TOWN,24888.200,NO,0,NO,YES,YES,NO,YES,50대
ID12329,37,MALE,RURAL,28021.600,NO,0,YES,NO,YES,YES,YES,30대
ID12330,27,MALE,INNER_CITY,12279.500,NO,0,YES,NO,NO,NO,YES,20대
ID12331,59,FEMALE,INNER_CITY,30189.400,YES,0,YES,NO,YES,YES,YES,50대
ID12332,31,MALE,INNER_CITY,28969.400,NO,1,NO,NO,YES,YES,NO,30대
ID12333,31,MALE,SUBURBAN,14058.500,YES,0,NO,NO,YES,YES,YES,30대
ID12334,32,FEMALE,TOWN,30404.300,YES,0,YES,YES,YES,NO,NO,30대
ID12335,57,FEMALE,RURAL,41438.200,NO,3,NO,YES,NO,NO,NO,50대
ID12336,49,FEMALE,INNER_CITY,16711.300,NO,1,NO,YES,YES,YES,YES,40대
ID12337,65,MALE,TOWN,52255.900,NO,2,YES,YES,YES,NO,YES,60대이후
ID12338,22,FEMALE,INNER_CITY,17866.900,YES,2,NO,YES,YES,YES,NO,20대
ID12339,26,FEMALE,RURAL,18067.500,YES,2,NO,YES,NO,NO,NO,20대
ID12340,23,MALE,INNER_CITY,12823.700,YES,0,YES,YES,YES,NO,NO,20대
ID12341,26,FEMALE,RURAL,11299.300,YES,2,YES,NO,NO,NO,NO,20대
ID12342,59,FEMALE,INNER_CITY,56031.100,NO,0,YES,YES,YES,NO,YES,50대
ID12343,67,MALE,INNER_CITY,35263.500,YES,1,YES,YES,YES,NO,YES,60대이후
ID12344,34,FEMALE,INNER_CITY,19968.100,YES,0,YES,YES,YES,NO,NO,30대
ID12345,50,MALE,RURAL,27825.500,YES,2,YES,YES,NO,NO,NO,50대
ID12346,46,MALE,SUBURBAN,37773.900,NO,0,YES,YES,YES,YES,NO,40대
ID12347,23,FEMALE,INNER_CITY,7606.250,NO,3,YES,NO,NO,NO,NO,20대
ID12348,26,MALE,RURAL,21384.400,YES,0,NO,NO,YES,NO,NO,20대
ID12349,40,MALE,TOWN,20347.000,YES,3,NO,YES,YES,NO,NO,40대
ID12350,36,MALE,TOWN,21332.300,YES,3,YES,NO,YES,NO,NO,30대
ID12351,65,MALE,INNER_CITY,57671.700,NO,0,NO,YES,YES,YES,NO,60대이후
ID12352,45,FEMALE,TOWN,36057.800,YES,1,YES,YES,YES,YES,YES,40대
ID12353,23,MALE,INNER_CITY,14290.500,YES,2,NO,NO,YES,YES,NO,20대
ID12354,42,FEMALE,TOWN,17882.900,YES,1,NO,NO,NO,NO,YES,40대
ID12355,21,FEMALE,RURAL,10629.100,NO,3,NO,YES,YES,YES,NO,20대
ID12356,62,FEMALE,INNER_CITY,24262.800,NO,0,YES,NO,YES,NO,YES,60대이후
ID12357,49,FEMALE,SUBURBAN,26097.900,NO,2,NO,YES,YES,NO,NO,40대
ID12358,28,FEMALE,TOWN,23371.000,YES,2,NO,NO,YES,YES,NO,20대
ID12359,38,FEMALE,TOWN,21495.600,NO,3,NO,NO,YES,YES,NO,30대
ID12360,36,MALE,TOWN,12166.900,NO,0,NO,NO,NO,NO,NO,30대
ID12361,22,MALE,SUBURBAN,17180.200,YES,0,NO,YES,YES,NO,NO,20대
ID12362,40,FEMALE,TOWN,28882.300,YES,1,NO,YES,YES,YES,YES,40대
ID12363,40,FEMALE,TOWN,21612.200,YES,0,NO,NO,YES,NO,NO,40대
ID12364,60,FEMALE,INNER_CITY,46358.400,YES,0,YES,YES,YES,YES,NO,60대이후
ID12365,23,MALE,INNER_CITY,19166.000,NO,0,YES,YES,NO,NO,YES,20대
ID12366,21,MALE,INNER_CITY,17921.800,YES,1,YES,NO,NO,NO,YES,20대
ID12367,58,MALE,TOWN,33229.000,NO,0,YES,YES,YES,NO,YES,50대
ID12368,48,FEMALE,SUBURBAN,30396.100,NO,0,NO,YES,YES,NO,YES,40대
ID12369,63,FEMALE,TOWN,34625.200,YES,0,YES,NO,YES,NO,NO,60대이후
ID12370,20,MALE,TOWN,16672.800,NO,3,YES,NO,YES,YES,NO,20대
ID12371,67,FEMALE,SUBURBAN,60747.500,NO,2,NO,YES,YES,YES,YES,60대이후
ID12372,62,FEMALE,INNER_CITY,56394.300,NO,0,YES,YES,YES,NO,YES,60대이후
ID12373,36,MALE,TOWN,13236.400,YES,0,NO,YES,YES,NO,NO,30대
ID12374,31,MALE,INNER_CITY,28409.400,YES,1,YES,NO,YES,NO,YES,30대
ID12375,42,FEMALE,INNER_CITY,27056.500,YES,0,YES,YES,YES,NO,NO,40대
ID12376,18,MALE,RURAL,9362.580,YES,0,YES,NO,YES,YES,YES,10대
ID12377,46,FEMALE,SUBURBAN,28702.700,NO,1,NO,YES,YES,YES,YES,40대
ID12378,25,MALE,TOWN,22366.100,YES,1,YES,YES,YES,NO,YES,20대
ID12379,65,FEMALE,RURAL,24477.500,NO,0,NO,YES,NO,YES,NO,60대이후
ID12380,40,MALE,TOWN,36972.400,YES,1,NO,NO,YES,YES,YES,40대
ID12381,32,MALE,INNER_CITY,22327.800,YES,1,NO,NO,NO,NO,YES,30대
ID12382,18,FEMALE,INNER_CITY,15610.200,YES,0,NO,YES,YES,NO,NO,10대
ID12383,64,MALE,INNER_CITY,54314.500,YES,1,YES,YES,NO,NO,YES,60대이후
ID12384,43,FEMALE,INNER_CITY,39175.800,YES,3,NO,YES,YES,YES,NO,40대
ID12385,22,FEMALE,INNER_CITY,13739.000,YES,3,NO,YES,YES,NO,NO,20대
ID12386,25,MALE,TOWN,9485.840,YES,0,NO,NO,NO,NO,NO,20대
ID12387,39,MALE,INNER_CITY,24675.700,YES,1,YES,YES,YES,YES,YES,30대
ID12388,58,FEMALE,INNER_CITY,28253.600,YES,3,NO,NO,YES,NO,NO,50대
ID12389,33,MALE,INNER_CITY,14136.500,YES,1,NO,YES,NO,NO,NO,30대
ID12390,52,FEMALE,RURAL,37162.100,YES,1,YES,YES,YES,NO,YES,50대
ID12391,23,MALE,INNER_CITY,13519.200,NO,0,NO,YES,YES,NO,YES,20대
ID12392,44,FEMALE,INNER_CITY,39253.600,NO,0,YES,YES,NO,NO,YES,40대
ID12393,51,MALE,RURAL,46323.800,YES,2,YES,YES,YES,YES,YES,50대
ID12394,26,FEMALE,TOWN,20950.700,YES,0,NO,YES,YES,NO,NO,20대
ID12395,42,MALE,TOWN,22495.700,YES,0,NO,YES,NO,YES,NO,40대
ID12396,34,MALE,TOWN,32548.900,YES,0,YES,YES,YES,YES,NO,30대
ID12397,54,FEMALE,RURAL,24583.400,NO,2,YES,YES,YES,YES,NO,50대
ID12398,18,MALE,RURAL,8639.240,YES,2,NO,NO,NO,NO,NO,10대
ID12399,47,FEMALE,INNER_CITY,17139.500,NO,2,YES,NO,YES,NO,NO,40대
ID12400,24,FEMALE,INNER_CITY,13667.700,YES,0,NO,YES,YES,NO,NO,20대
